ID,Gender,Ever_Married,Age,Graduated,Profession,Work_Experience,Spending_Score,Family_Size,Var_1,Segmentation
462809,Male,No,22,No,Healthcare,1.0,Low,4.0,Cat_4,D
462643,Female,Yes,38,Yes,Engineer,,Average,3.0,Cat_4,A
466315,Female,Yes,67,Yes,Engineer,1.0,Low,1.0,Cat_6,B
461735,Male,Yes,67,Yes,Lawyer,0.0,High,2.0,Cat_6,B
462669,Female,Yes,40,Yes,Entertainment,,High,6.0,Cat_6,A
461319,Male,Yes,56,No,Artist,0.0,Average,2.0,Cat_6,C
460156,Male,No,32,Yes,Healthcare,1.0,Low,3.0,Cat_6,C
464347,Female,No,33,Yes,Healthcare,1.0,Low,3.0,Cat_6,D
465015,Female,Yes,61,Yes,Engineer,0.0,Low,3.0,Cat_7,D
465176,Female,Yes,55,Yes,Artist,1.0,Average,4.0,Cat_6,C
464041,Female,No,26,Yes,Engineer,1.0,Low,3.0,Cat_6,A
464942,Male,No,19,No,Healthcare,4.0,Low,4.0,Cat_4,D
461230,Female,No,19,No,Executive,0.0,Low,,Cat_3,D
459573,Male,Yes,70,No,Lawyer,,Low,1.0,Cat_6,A
460849,Female,Yes,58,No,Doctor,0.0,Low,1.0,Cat_3,B
460563,Female,No,41,No,Healthcare,1.0,Low,2.0,Cat_1,C
466865,Female,No,32,No,Homemaker,9.0,Low,5.0,Cat_3,D
461644,Male,No,31,No,Healthcare,1.0,Low,6.0,Cat_6,B
466772,Male,Yes,58,Yes,Entertainment,1.0,Average,4.0,Cat_6,B
464291,Female,Yes,79,Yes,Artist,0.0,High,1.0,Cat_6,C
466084,Male,Yes,49,Yes,Homemaker,12.0,Low,1.0,Cat_3,A
459675,Female,No,18,No,Healthcare,3.0,Low,4.0,Cat_6,D
465602,Male,Yes,33,Yes,Artist,13.0,Low,2.0,Cat_3,A
459168,Female,No,36,Yes,Artist,5.0,Low,2.0,Cat_6,B
461021,Female,,58,No,Executive,1.0,Average,3.0,Cat_3,B
465083,Male,Yes,56,No,Artist,1.0,Average,3.0,Cat_6,C
467604,Male,No,31,No,Healthcare,9.0,Low,8.0,Cat_4,A
459717,Male,Yes,49,Yes,Artist,1.0,Average,3.0,Cat_6,C
465882,Male,No,35,Yes,Artist,0.0,Low,1.0,Cat_6,B
461996,Female,No,35,No,Artist,5.0,Low,4.0,Cat_6,C
463331,Female,Yes,45,Yes,Artist,0.0,Low,3.0,Cat_6,C
462216,Female,Yes,42,No,Doctor,1.0,Low,2.0,Cat_4,A
462454,Male,No,19,No,Healthcare,1.0,Low,3.0,Cat_2,D
467010,Male,No,26,No,Homemaker,9.0,Low,,Cat_6,D
459861,Female,Yes,83,No,Lawyer,1.0,High,2.0,Cat_6,D
467917,Female,No,27,Yes,Healthcare,3.0,Low,4.0,Cat_1,D
465572,Male,No,32,No,Doctor,5.0,Low,1.0,Cat_4,D
460593,Female,Yes,28,No,Healthcare,1.0,Average,5.0,Cat_3,D
465891,Female,Yes,28,Yes,Artist,8.0,Low,2.0,Cat_6,A
467442,Male,Yes,56,Yes,Artist,,Average,2.0,Cat_6,C
462044,Female,No,47,Yes,Artist,4.0,Low,1.0,Cat_6,B
465686,Female,No,22,No,Healthcare,0.0,Low,2.0,Cat_6,D
464590,Female,No,27,Yes,Artist,14.0,Low,3.0,Cat_6,A
466006,Female,Yes,49,Yes,Artist,1.0,Low,2.0,,C
466152,Male,Yes,40,No,Engineer,8.0,Low,1.0,Cat_6,A
463156,Female,Yes,79,No,Lawyer,,High,2.0,Cat_6,A
465729,Male,Yes,41,Yes,Artist,0.0,Average,4.0,Cat_4,B
462384,Female,No,29,Yes,Healthcare,,Low,1.0,Cat_7,A
462442,Male,No,19,No,Healthcare,0.0,Low,4.0,Cat_6,D
464191,Female,No,45,Yes,Engineer,1.0,Low,1.0,Cat_6,A
462078,Female,Yes,61,No,Artist,1.0,Average,2.0,Cat_2,B
467873,Female,Yes,36,Yes,Artist,1.0,Average,2.0,Cat_6,C
461270,Male,Yes,40,Yes,Artist,1.0,Low,1.0,Cat_3,A
462960,Female,Yes,57,Yes,Entertainment,0.0,Average,2.0,Cat_6,C
464961,Male,Yes,76,No,Marketing,1.0,Low,1.0,Cat_4,A
462110,Male,Yes,32,Yes,Artist,14.0,Average,2.0,Cat_6,B
465769,Male,No,25,Yes,Healthcare,9.0,Low,4.0,Cat_6,D
462267,Male,No,32,,Doctor,8.0,Low,2.0,Cat_6,D
465269,Female,Yes,45,Yes,Artist,1.0,Average,3.0,Cat_3,C
460881,Male,Yes,72,Yes,Lawyer,1.0,Low,,Cat_4,D
461891,Male,Yes,48,Yes,Artist,0.0,Average,2.0,Cat_6,C
466935,Male,Yes,55,Yes,Artist,9.0,Average,2.0,Cat_1,C
464091,Male,Yes,74,Yes,Lawyer,0.0,High,3.0,Cat_6,D
464535,Male,Yes,56,Yes,Lawyer,1.0,High,2.0,Cat_6,A
463108,Male,Yes,59,Yes,Lawyer,7.0,High,2.0,Cat_6,A
461356,Male,No,25,Yes,Entertainment,0.0,Low,2.0,Cat_6,A
464570,Male,Yes,31,Yes,Doctor,0.0,Average,2.0,Cat_6,A
464580,Male,No,27,No,Artist,8.0,Low,4.0,Cat_6,A
465233,Male,Yes,57,Yes,Artist,0.0,Average,4.0,Cat_6,B
467208,Female,Yes,39,Yes,Homemaker,,High,2.0,Cat_6,A
459954,Male,Yes,27,Yes,Healthcare,8.0,Low,2.0,Cat_6,D
460219,Female,Yes,51,Yes,Entertainment,8.0,Average,2.0,Cat_6,A
460877,Female,Yes,47,No,Artist,0.0,Average,5.0,Cat_6,B
460191,Female,No,33,No,Healthcare,8.0,Low,4.0,Cat_6,D
463742,Male,Yes,56,Yes,Artist,0.0,Average,4.0,Cat_6,C
463691,Female,No,33,No,Homemaker,0.0,Low,3.0,Cat_6,B
463250,Female,No,36,Yes,Doctor,0.0,Low,2.0,Cat_6,D
463952,Male,Yes,51,No,Artist,4.0,Low,3.0,Cat_4,A
461558,Male,Yes,45,Yes,Engineer,2.0,Average,2.0,Cat_6,C
466567,Female,No,49,Yes,,1.0,Low,1.0,Cat_6,D
465379,Male,No,30,No,Healthcare,0.0,Low,4.0,Cat_6,C
463814,Female,No,26,No,Healthcare,6.0,Low,3.0,Cat_5,D
466938,Male,Yes,63,Yes,Artist,8.0,Low,1.0,Cat_6,A
460671,Male,Yes,35,No,Entertainment,8.0,Average,4.0,Cat_3,B
462204,Female,No,19,No,Marketing,1.0,Low,3.0,Cat_4,A
461671,Male,No,32,No,Healthcare,7.0,Low,5.0,Cat_6,D
459384,Male,Yes,52,Yes,Artist,0.0,Average,3.0,Cat_6,C
459905,Female,Yes,36,Yes,Artist,5.0,Low,2.0,Cat_6,C
464734,Female,No,42,No,Entertainment,7.0,Low,3.0,Cat_4,D
464125,Male,Yes,40,No,Doctor,0.0,Average,2.0,Cat_3,D
467434,Male,No,39,Yes,Entertainment,0.0,Low,3.0,Cat_1,B
460956,Female,Yes,47,Yes,Artist,1.0,Average,4.0,Cat_3,C
465179,Female,Yes,61,Yes,Artist,1.0,High,2.0,Cat_6,C
463338,Male,Yes,32,No,Entertainment,1.0,Low,2.0,Cat_3,D
467066,Male,Yes,55,No,Artist,0.0,Low,1.0,Cat_6,B
463845,Male,Yes,58,Yes,Artist,,Average,1.0,Cat_6,D
459976,Female,No,38,Yes,Artist,0.0,Low,1.0,Cat_6,D
461334,Male,Yes,63,Yes,Artist,0.0,High,2.0,Cat_6,C
465108,Male,Yes,58,Yes,Doctor,1.0,Average,2.0,Cat_6,C
462600,Male,Yes,30,No,Engineer,3.0,Average,3.0,Cat_4,D
464144,Male,Yes,60,Yes,Artist,0.0,Average,4.0,Cat_6,C
466911,Male,Yes,68,No,Executive,1.0,High,7.0,Cat_6,B
462806,Male,Yes,52,No,Artist,0.0,Low,3.0,Cat_4,A
463426,Male,Yes,38,No,Executive,0.0,High,5.0,Cat_6,A
464065,Female,Yes,35,Yes,Healthcare,10.0,Low,2.0,Cat_6,B
462979,Male,No,18,No,Doctor,1.0,Low,2.0,Cat_6,D
462834,Male,Yes,30,Yes,Homemaker,3.0,Low,2.0,Cat_1,D
460764,Male,No,86,No,Lawyer,1.0,Low,1.0,Cat_6,D
466466,Female,,19,No,Healthcare,6.0,Low,5.0,Cat_3,D
460185,Male,No,25,No,Healthcare,9.0,Low,3.0,Cat_6,D
459749,Male,Yes,59,Yes,Entertainment,,Low,4.0,Cat_4,A
464406,Female,No,39,Yes,Artist,0.0,Low,1.0,Cat_6,A
467758,Female,Yes,50,Yes,Doctor,1.0,Low,,Cat_6,B
462059,Male,No,47,Yes,Artist,1.0,Low,1.0,Cat_6,C
467905,Male,Yes,43,Yes,Executive,0.0,High,3.0,Cat_6,D
461177,Male,Yes,36,No,Executive,8.0,Average,4.0,Cat_1,B
460765,Male,Yes,80,No,Lawyer,1.0,Low,1.0,Cat_6,D
465386,Male,No,36,Yes,Artist,0.0,Low,2.0,Cat_2,C
465827,Male,No,27,No,,2.0,Low,7.0,Cat_4,D
462332,Female,Yes,37,Yes,Artist,1.0,High,2.0,Cat_7,A
464481,Male,Yes,46,Yes,Executive,0.0,High,3.0,Cat_6,C
461011,Male,Yes,55,No,Executive,1.0,High,4.0,Cat_3,B
464749,Female,Yes,47,No,Engineer,9.0,Average,4.0,Cat_4,B
461094,Female,No,28,Yes,Healthcare,1.0,Low,3.0,Cat_3,D
462104,Male,Yes,39,No,Entertainment,9.0,Low,2.0,Cat_3,D
464524,Female,Yes,27,No,Marketing,1.0,Low,2.0,Cat_6,A
466295,Female,Yes,42,No,Engineer,0.0,Low,,Cat_6,A
461787,Male,Yes,72,Yes,Artist,0.0,Average,2.0,Cat_6,C
467857,Female,Yes,28,Yes,Engineer,0.0,Low,2.0,Cat_6,A
460153,Male,No,35,Yes,Entertainment,8.0,Low,5.0,Cat_6,C
465215,Male,Yes,39,Yes,Executive,9.0,High,5.0,Cat_2,A
466746,Female,Yes,69,Yes,Lawyer,0.0,High,2.0,Cat_6,C
464857,Male,No,18,No,Healthcare,6.0,Low,4.0,Cat_4,D
459478,Male,Yes,46,Yes,Artist,,Low,1.0,Cat_6,A
460723,Female,Yes,50,Yes,Engineer,1.0,High,2.0,Cat_4,B
459853,Male,No,30,No,Executive,5.0,Low,5.0,Cat_6,A
459390,Female,No,41,No,Artist,,Low,2.0,Cat_6,B
460410,Female,No,39,Yes,Artist,3.0,Low,4.0,Cat_6,D
463823,Female,No,29,No,Marketing,8.0,Low,4.0,Cat_6,D
462008,Female,Yes,37,Yes,Artist,4.0,Low,4.0,Cat_5,B
459750,Female,Yes,39,Yes,Engineer,0.0,Average,2.0,Cat_6,A
459880,Female,Yes,48,Yes,Artist,0.0,Average,5.0,Cat_7,C
459261,Female,No,32,Yes,Doctor,0.0,Low,3.0,Cat_6,C
465656,Male,Yes,78,No,Lawyer,1.0,Low,,Cat_6,B
465395,Female,Yes,43,No,Engineer,0.0,Average,5.0,Cat_4,B
461631,Male,No,29,No,Marketing,8.0,Low,5.0,Cat_6,C
464904,Female,Yes,28,No,Engineer,9.0,Average,2.0,Cat_4,A
461740,Male,Yes,80,Yes,Lawyer,1.0,Low,1.0,Cat_6,B
467092,Female,No,28,Yes,Healthcare,7.0,Low,4.0,Cat_6,D
464173,Male,Yes,71,Yes,Artist,6.0,Average,3.0,Cat_6,C
464972,Male,Yes,67,No,Lawyer,0.0,High,9.0,Cat_4,A
467959,Female,No,26,No,Engineer,0.0,Low,1.0,Cat_2,A
467688,Female,Yes,47,Yes,Engineer,0.0,Average,2.0,Cat_6,C
460043,Female,Yes,43,Yes,Artist,2.0,Average,2.0,Cat_6,B
466590,Female,No,27,Yes,Healthcare,0.0,Low,4.0,Cat_6,C
461191,Female,Yes,45,Yes,Marketing,8.0,Low,4.0,Cat_6,D
465662,Male,Yes,76,No,Executive,1.0,Low,1.0,Cat_6,C
459231,Female,Yes,43,Yes,Artist,3.0,Average,4.0,Cat_6,C
466495,Female,Yes,78,Yes,Lawyer,1.0,High,2.0,Cat_6,B
459192,Male,Yes,35,Yes,Artist,3.0,Average,3.0,Cat_6,C
465710,Female,No,49,Yes,Artist,1.0,Low,1.0,Cat_6,C
460258,Female,No,25,Yes,Healthcare,1.0,Low,5.0,Cat_6,D
462813,Male,Yes,37,No,Executive,0.0,Average,5.0,Cat_6,A
463595,Female,No,32,No,Healthcare,1.0,Low,5.0,,C
467768,Male,Yes,60,Yes,Doctor,0.0,Average,2.0,Cat_6,C
465291,Female,Yes,45,Yes,Artist,5.0,Average,3.0,Cat_6,C
462996,Female,Yes,49,Yes,Homemaker,9.0,Average,3.0,Cat_6,C
463497,Male,No,32,Yes,Artist,0.0,Low,5.0,Cat_6,D
465301,Female,Yes,40,Yes,Artist,0.0,Low,3.0,Cat_3,B
464702,Male,Yes,59,No,Artist,2.0,Average,2.0,Cat_4,C
459012,Male,Yes,48,Yes,Artist,3.0,Low,5.0,Cat_6,B
465053,Male,Yes,82,Yes,Executive,0.0,High,2.0,Cat_6,C
459420,Female,Yes,70,Yes,Lawyer,0.0,Low,2.0,Cat_6,B
464166,Male,No,31,Yes,Artist,5.0,Low,2.0,Cat_6,B
458987,Female,Yes,72,Yes,Lawyer,0.0,High,2.0,Cat_6,C
467745,Male,Yes,50,Yes,Artist,3.0,Average,4.0,Cat_6,C
464866,Female,No,23,No,Engineer,11.0,Low,1.0,Cat_3,D
461081,Female,No,20,No,Healthcare,2.0,Low,6.0,Cat_6,D
467896,Female,No,22,No,Healthcare,4.0,Low,3.0,Cat_6,D
463991,Female,No,31,Yes,Engineer,8.0,Low,1.0,Cat_6,A
466620,Female,Yes,36,Yes,Artist,7.0,Average,2.0,Cat_6,C
462594,Male,Yes,52,No,Entertainment,,Average,5.0,Cat_4,B
462206,Female,No,29,Yes,Artist,,Low,1.0,Cat_4,B
460697,Male,Yes,40,Yes,Artist,4.0,Average,4.0,Cat_6,C
467934,Female,No,40,Yes,Artist,1.0,Low,1.0,Cat_6,A
460054,Male,Yes,38,Yes,Artist,,Low,2.0,Cat_6,C
459576,Female,Yes,85,No,Lawyer,,Low,,,A
467910,Female,No,21,No,Doctor,1.0,Low,3.0,Cat_7,A
467335,Female,Yes,41,No,Engineer,4.0,Average,2.0,Cat_6,D
460263,Male,Yes,40,Yes,Artist,0.0,Low,2.0,Cat_6,B
459340,Male,Yes,53,Yes,Artist,1.0,Average,3.0,Cat_6,B
465622,Female,Yes,42,Yes,Artist,5.0,Low,2.0,Cat_6,C
459395,Male,Yes,42,No,Executive,8.0,Low,2.0,Cat_6,D
467539,Male,Yes,48,Yes,Artist,,Average,4.0,Cat_7,C
466574,Male,Yes,59,Yes,Artist,7.0,Low,2.0,Cat_6,C
466544,Male,Yes,41,Yes,Executive,1.0,Average,3.0,Cat_6,A
463610,Female,Yes,31,Yes,Artist,0.0,Average,2.0,Cat_6,A
465539,Female,Yes,49,Yes,Artist,1.0,High,5.0,Cat_6,B
459823,Male,Yes,67,Yes,Executive,1.0,Low,2.0,Cat_6,A
467614,Male,Yes,35,No,Artist,4.0,Average,2.0,Cat_6,B
459073,Female,No,26,Yes,Healthcare,0.0,Low,3.0,Cat_6,C
466065,Male,,19,No,Healthcare,9.0,Low,3.0,Cat_3,D
464863,Female,Yes,25,No,Engineer,6.0,Average,8.0,Cat_4,D
460022,Female,Yes,39,Yes,Healthcare,4.0,Low,2.0,Cat_6,A
459929,Male,Yes,63,Yes,Entertainment,0.0,Low,2.0,Cat_6,A
466613,Male,No,23,No,Healthcare,8.0,Low,3.0,Cat_6,D
461149,Female,No,23,No,Healthcare,0.0,Low,3.0,Cat_3,D
466068,Female,Yes,53,Yes,Artist,2.0,Low,1.0,Cat_6,C
461513,Male,No,33,Yes,Doctor,0.0,Low,2.0,Cat_6,B
464761,Female,Yes,50,No,Engineer,,Average,4.0,Cat_2,B
466236,Female,Yes,69,Yes,Engineer,0.0,Low,2.0,Cat_4,B
459664,Male,No,37,Yes,Artist,2.0,Low,1.0,Cat_6,B
461967,Female,No,20,No,Marketing,3.0,Low,4.0,Cat_7,C
460516,Female,,85,No,Lawyer,0.0,High,1.0,Cat_3,C
461710,Female,Yes,49,Yes,Doctor,1.0,Average,4.0,Cat_6,C
462742,Male,No,18,No,Healthcare,0.0,Low,3.0,Cat_3,D
459528,Female,Yes,52,Yes,Doctor,0.0,Average,2.0,Cat_6,C
462691,Male,Yes,25,No,Doctor,,Average,2.0,Cat_4,B
462934,Male,Yes,56,No,Executive,,High,2.0,Cat_6,A
465837,Male,No,62,Yes,,0.0,Low,1.0,Cat_6,A
464613,Female,No,35,,Artist,0.0,Low,3.0,Cat_6,B
467515,Male,Yes,28,Yes,Engineer,0.0,Average,2.0,Cat_6,A
463429,Female,No,28,Yes,Artist,7.0,Low,3.0,Cat_6,A
464024,Male,No,20,No,Healthcare,0.0,Low,5.0,Cat_7,D
460691,Female,No,27,No,Homemaker,8.0,Low,1.0,Cat_3,D
461825,Female,No,56,No,Engineer,,Low,1.0,Cat_6,A
467271,Male,Yes,45,Yes,Artist,4.0,Average,4.0,Cat_6,B
465634,Male,No,25,Yes,Healthcare,1.0,Low,4.0,Cat_4,B
464801,Male,No,40,No,Marketing,1.0,Low,1.0,Cat_4,D
459429,Female,Yes,25,Yes,Healthcare,,Low,2.0,Cat_6,D
459888,Female,Yes,74,No,Lawyer,,High,2.0,Cat_6,D
463467,Female,No,23,No,Healthcare,0.0,Low,4.0,,D
462036,Female,Yes,67,Yes,Lawyer,0.0,High,2.0,Cat_6,B
461282,Male,No,21,No,Healthcare,0.0,Low,4.0,,D
460448,Female,No,38,Yes,Artist,9.0,Low,1.0,Cat_3,A
464464,Male,No,28,No,Healthcare,0.0,Low,4.0,Cat_2,C
462410,Female,No,32,No,Healthcare,1.0,Low,5.0,Cat_7,B
467252,Female,No,33,Yes,,0.0,Low,4.0,,D
459756,Female,Yes,56,No,Lawyer,1.0,High,4.0,Cat_4,B
463789,Female,Yes,53,Yes,Artist,1.0,Low,2.0,Cat_6,C
466947,Male,Yes,57,No,Executive,1.0,High,5.0,Cat_6,C
464150,Female,Yes,59,Yes,Artist,0.0,Average,3.0,Cat_6,C
465693,Female,Yes,25,Yes,Healthcare,1.0,High,4.0,Cat_4,A
461670,Male,Yes,59,Yes,Artist,0.0,Average,6.0,Cat_6,C
466768,Female,Yes,36,Yes,Artist,0.0,Low,4.0,Cat_6,C
461550,Male,Yes,37,Yes,Entertainment,7.0,Low,2.0,Cat_6,A
462438,Male,No,22,No,Doctor,1.0,Low,3.0,Cat_2,D
460704,Male,Yes,43,Yes,Artist,1.0,Low,2.0,Cat_6,B
464884,Male,Yes,41,Yes,Artist,1.0,Low,2.0,Cat_4,A
467050,Female,No,21,No,Engineer,0.0,Low,5.0,Cat_2,B
460738,Female,No,49,No,Engineer,1.0,Low,,Cat_7,A
466176,Male,No,38,Yes,Doctor,8.0,Low,1.0,Cat_2,B
459488,Male,Yes,47,No,Artist,,Average,4.0,Cat_6,A
467773,Male,Yes,70,Yes,Lawyer,1.0,High,3.0,Cat_6,C
465425,Female,No,31,No,Engineer,1.0,Low,4.0,Cat_6,B
462318,Female,Yes,82,No,Lawyer,0.0,Average,2.0,Cat_6,A
466078,Female,Yes,51,No,Executive,,Low,1.0,Cat_6,A
460792,Female,No,42,No,Homemaker,11.0,Low,,Cat_6,A
460197,Male,No,38,Yes,Artist,8.0,Low,3.0,Cat_2,A
459375,Male,Yes,18,No,Executive,0.0,High,4.0,Cat_6,A
463862,Male,Yes,50,Yes,Artist,6.0,Average,3.0,Cat_6,C
460144,Female,No,46,Yes,Doctor,1.0,Low,,Cat_3,A
462721,Female,Yes,72,No,Lawyer,1.0,High,3.0,Cat_6,D
459637,Female,No,33,No,Engineer,,Low,4.0,Cat_6,C
465809,Female,No,25,No,Homemaker,1.0,Low,7.0,Cat_4,B
466915,Female,Yes,75,No,Entertainment,2.0,High,2.0,Cat_2,D
467343,Male,No,72,Yes,Artist,1.0,Low,1.0,Cat_6,B
466268,Female,Yes,72,Yes,Artist,0.0,Average,3.0,Cat_4,C
464868,Male,Yes,36,Yes,Entertainment,6.0,Low,6.0,Cat_4,A
464038,Male,Yes,40,Yes,Artist,1.0,Low,2.0,Cat_6,A
460176,Female,No,28,Yes,Entertainment,0.0,Low,4.0,Cat_6,C
462161,Female,No,28,Yes,Doctor,0.0,Low,3.0,Cat_6,D
464841,Male,,19,No,Entertainment,0.0,High,3.0,Cat_4,D
464893,Male,Yes,43,Yes,Artist,0.0,Low,2.0,Cat_4,B
464443,Female,Yes,35,Yes,Artist,1.0,Average,2.0,Cat_6,B
467619,Male,Yes,65,Yes,Lawyer,1.0,High,2.0,Cat_6,B
465974,Male,Yes,52,Yes,Executive,7.0,High,4.0,Cat_4,C
462075,Female,No,40,Yes,Artist,1.0,Low,1.0,Cat_6,B
459494,Female,Yes,69,No,Engineer,9.0,Low,3.0,Cat_6,A
466921,Female,No,22,No,Healthcare,3.0,Low,3.0,Cat_6,D
463544,Male,Yes,47,Yes,Executive,1.0,Average,4.0,Cat_6,C
461167,Male,Yes,29,Yes,Marketing,1.0,High,2.0,Cat_3,A
467364,Male,Yes,46,Yes,Artist,1.0,Average,3.0,Cat_3,C
462408,Male,No,32,Yes,Artist,1.0,Low,2.0,Cat_6,A
466224,Female,No,38,Yes,Healthcare,0.0,Low,1.0,Cat_2,C
465151,Male,Yes,59,Yes,Artist,0.0,Low,1.0,Cat_6,B
467216,Female,No,26,Yes,Entertainment,1.0,Low,1.0,Cat_6,D
460586,Male,No,26,Yes,Healthcare,1.0,Low,2.0,Cat_3,A
461197,Male,No,28,No,Marketing,0.0,Low,1.0,Cat_3,D
462776,Female,Yes,53,Yes,Engineer,1.0,Average,3.0,Cat_6,C
465058,Female,No,43,,Entertainment,,Low,1.0,Cat_6,B
464088,Male,No,27,No,Doctor,1.0,Low,3.0,Cat_6,D
459471,Female,No,32,No,Artist,,Low,8.0,Cat_6,C
464695,Male,No,26,No,Engineer,0.0,Low,4.0,Cat_4,D
462331,Female,No,31,No,Entertainment,0.0,Low,2.0,Cat_6,D
466523,Male,Yes,39,Yes,Executive,1.0,High,3.0,Cat_3,B
465337,Female,Yes,43,No,Engineer,1.0,Low,3.0,Cat_7,A
460834,Male,Yes,25,No,Doctor,1.0,Low,2.0,Cat_1,A
466824,Male,Yes,40,Yes,Artist,3.0,High,3.0,Cat_6,A
461607,Female,Yes,40,Yes,Entertainment,7.0,Average,2.0,Cat_3,B
465091,Male,Yes,63,Yes,Entertainment,,Average,3.0,Cat_6,C
459532,Female,Yes,27,Yes,Healthcare,,Low,2.0,Cat_6,D
466999,Male,No,27,Yes,Healthcare,1.0,Low,3.0,Cat_6,D
466597,Female,No,19,No,Healthcare,1.0,Low,2.0,Cat_6,D
464075,Female,Yes,86,Yes,Lawyer,0.0,High,2.0,Cat_6,B
463394,Male,Yes,41,Yes,Marketing,,High,2.0,Cat_6,B
462163,Female,Yes,27,Yes,Artist,4.0,Average,2.0,Cat_3,C
463895,Female,Yes,70,No,Doctor,0.0,Average,2.0,Cat_6,B
464767,Female,Yes,53,No,Engineer,8.0,Average,4.0,Cat_4,B
464763,Female,Yes,49,No,Engineer,,Average,4.0,Cat_4,B
460718,Male,Yes,55,No,Executive,3.0,Low,,Cat_4,D
461989,Female,,57,Yes,Engineer,0.0,Average,4.0,Cat_2,C
466374,Male,Yes,83,No,Lawyer,,Low,1.0,Cat_4,B
463738,Male,Yes,43,No,Executive,0.0,High,4.0,Cat_6,A
465967,Male,Yes,36,No,Doctor,6.0,Low,3.0,Cat_6,A
462260,Male,Yes,74,Yes,Lawyer,0.0,Low,2.0,Cat_6,C
467234,Female,No,30,No,Homemaker,0.0,Low,4.0,Cat_6,D
466573,Female,No,37,Yes,Artist,5.0,Low,2.0,Cat_6,B
463229,Female,No,22,No,Marketing,0.0,Low,1.0,Cat_5,B
459768,Male,No,19,No,Healthcare,0.0,Low,4.0,Cat_6,D
462541,Male,Yes,70,Yes,Engineer,4.0,High,2.0,Cat_6,B
467714,Male,Yes,89,Yes,Lawyer,13.0,Low,1.0,Cat_6,A
467730,Male,No,18,No,Healthcare,,Low,4.0,Cat_6,D
459474,Male,No,25,Yes,Doctor,6.0,Low,1.0,Cat_2,D
460093,Female,No,45,Yes,Artist,4.0,Low,1.0,Cat_3,A
467865,Female,No,35,Yes,Artist,3.0,Low,1.0,Cat_4,A
465758,Female,Yes,37,No,Engineer,7.0,Low,1.0,Cat_4,D
464184,Female,Yes,39,No,Engineer,4.0,Average,2.0,Cat_6,B
462618,Female,No,32,Yes,Healthcare,1.0,Low,5.0,Cat_4,D
464226,Female,Yes,62,Yes,Artist,2.0,Average,3.0,Cat_6,C
465432,Female,Yes,58,Yes,Engineer,0.0,Average,4.0,Cat_4,B
464087,Female,No,32,No,Engineer,,Low,4.0,Cat_6,C
466627,Male,No,25,No,Healthcare,0.0,Low,5.0,Cat_6,C
467380,Female,Yes,56,Yes,Artist,0.0,Average,4.0,Cat_6,C
465842,Female,No,36,Yes,Entertainment,10.0,Low,2.0,Cat_6,A
464622,Female,No,30,No,Healthcare,8.0,Low,3.0,Cat_6,A
462083,Male,No,19,No,Healthcare,1.0,Low,5.0,Cat_6,D
460910,Male,No,27,Yes,Healthcare,0.0,Low,2.0,Cat_6,A
460255,Female,No,38,Yes,Doctor,14.0,Low,1.0,Cat_6,A
460109,Male,Yes,46,Yes,Artist,8.0,Average,2.0,Cat_6,C
464306,Male,No,29,Yes,Artist,3.0,Low,1.0,Cat_6,B
466835,Male,Yes,51,No,Entertainment,1.0,Average,4.0,Cat_7,B
465192,Male,Yes,55,No,Artist,0.0,Low,1.0,Cat_6,A
463380,Female,Yes,69,Yes,Engineer,1.0,Low,1.0,Cat_3,A
462391,Female,No,26,No,Healthcare,1.0,Low,8.0,Cat_7,C
467086,Female,Yes,83,Yes,Lawyer,0.0,Low,3.0,Cat_6,A
460306,Female,No,39,Yes,Healthcare,9.0,Low,1.0,Cat_6,D
460752,Male,Yes,35,Yes,Artist,9.0,Low,1.0,Cat_6,A
467264,Male,Yes,19,No,Marketing,2.0,High,5.0,Cat_6,C
461646,Female,Yes,60,Yes,Artist,,High,4.0,Cat_6,C
463570,Male,Yes,35,Yes,Artist,,Average,4.0,Cat_6,C
465277,Female,No,53,Yes,Engineer,,Low,1.0,Cat_6,B
467426,Female,Yes,86,No,Lawyer,,Low,,Cat_6,B
466258,Female,No,29,No,Healthcare,1.0,Low,3.0,Cat_6,B
463719,Female,No,26,No,Doctor,0.0,Low,1.0,Cat_6,D
460032,Male,No,36,Yes,Engineer,8.0,Low,1.0,Cat_6,A
465175,Female,No,22,No,Homemaker,0.0,Low,4.0,Cat_6,D
466610,Male,No,19,No,Marketing,0.0,Low,5.0,Cat_6,A
459036,Female,Yes,20,Yes,Lawyer,1.0,Average,3.0,Cat_3,A
464047,Male,No,43,Yes,Healthcare,3.0,Low,3.0,Cat_6,D
459496,Female,No,42,Yes,Artist,,Low,3.0,Cat_6,A
459997,Male,No,43,Yes,Entertainment,1.0,Low,2.0,Cat_4,A
463382,Female,Yes,50,Yes,Engineer,4.0,High,3.0,Cat_6,B
460967,Male,No,25,Yes,Entertainment,1.0,Low,2.0,Cat_6,A
465094,Male,Yes,61,No,Artist,1.0,High,2.0,Cat_6,B
461229,Female,Yes,28,Yes,Healthcare,0.0,Average,2.0,Cat_6,A
466442,Male,No,38,Yes,Artist,1.0,Low,1.0,Cat_6,D
464527,Male,No,25,No,Executive,12.0,Low,3.0,Cat_6,A
463560,Female,No,18,No,Healthcare,9.0,Low,5.0,Cat_4,D
460011,Male,Yes,43,Yes,Entertainment,1.0,Average,5.0,Cat_5,C
467207,Female,No,27,Yes,Artist,8.0,Low,1.0,Cat_6,B
465177,Female,No,60,Yes,Entertainment,1.0,Low,2.0,Cat_6,D
467531,Male,Yes,75,Yes,Lawyer,2.0,Low,1.0,Cat_6,D
465409,Female,No,31,No,Doctor,,Low,4.0,Cat_6,D
462842,Male,No,23,No,Doctor,6.0,Low,4.0,Cat_2,D
462124,Male,No,36,Yes,Artist,8.0,Low,1.0,Cat_6,A
466265,Male,No,30,No,Doctor,1.0,Low,1.0,Cat_3,C
459789,Male,Yes,56,No,Artist,1.0,Average,2.0,Cat_6,C
464223,Female,Yes,52,Yes,Artist,2.0,Low,2.0,Cat_6,C
460280,Male,Yes,39,Yes,Entertainment,0.0,Low,1.0,Cat_6,D
460331,Female,No,35,No,Artist,5.0,Low,1.0,Cat_6,A
461494,Male,Yes,33,No,Engineer,0.0,Average,2.0,Cat_6,B
460035,Female,No,25,Yes,Artist,0.0,Low,6.0,Cat_6,A
463812,Female,Yes,27,Yes,Artist,0.0,Average,2.0,Cat_4,B
465569,Male,Yes,35,Yes,Artist,1.0,High,3.0,Cat_6,A
466333,Female,Yes,41,Yes,Artist,1.0,Average,2.0,Cat_6,C
467668,Female,Yes,49,Yes,Artist,,Average,3.0,Cat_7,C
462723,Female,Yes,46,No,Artist,8.0,Average,2.0,Cat_6,B
460909,Female,No,31,No,Healthcare,,Low,2.0,Cat_6,D
467777,Male,No,49,Yes,Doctor,,Low,1.0,Cat_6,C
462404,Female,No,26,Yes,Artist,9.0,Low,1.0,Cat_6,A
461799,Male,Yes,43,Yes,Doctor,13.0,High,2.0,Cat_6,B
459933,Female,Yes,30,Yes,Artist,8.0,Low,4.0,Cat_6,A
463717,Female,Yes,70,Yes,Artist,1.0,Average,4.0,Cat_6,C
463652,Female,No,28,Yes,Artist,,Low,1.0,Cat_6,D
462149,Female,Yes,89,No,Lawyer,3.0,High,1.0,Cat_6,D
462769,Female,Yes,42,No,Homemaker,6.0,High,4.0,Cat_6,B
465532,Female,Yes,37,Yes,Entertainment,6.0,Average,3.0,Cat_4,A
462829,Male,Yes,29,No,Executive,1.0,Average,3.0,Cat_6,D
459210,Female,Yes,68,Yes,Artist,1.0,High,2.0,Cat_6,C
464659,Female,No,25,No,Engineer,1.0,Low,1.0,Cat_4,D
461411,Male,No,29,No,Healthcare,1.0,Low,,Cat_6,D
467759,Female,Yes,48,Yes,Doctor,0.0,Low,2.0,Cat_6,C
461475,Female,Yes,51,Yes,Doctor,1.0,Average,3.0,Cat_1,C
462714,Female,Yes,40,Yes,Engineer,1.0,High,5.0,Cat_2,B
466890,Male,Yes,47,Yes,Artist,0.0,Average,6.0,Cat_7,B
462888,Male,Yes,39,Yes,Executive,,High,3.0,Cat_6,B
467479,Male,Yes,35,Yes,Executive,1.0,Average,4.0,Cat_6,C
466799,Female,No,19,No,Healthcare,2.0,Low,3.0,Cat_6,D
466557,Female,No,21,No,Healthcare,7.0,Low,,Cat_6,D
460873,Male,Yes,46,Yes,Entertainment,0.0,Average,3.0,Cat_4,B
466776,Male,Yes,86,Yes,Lawyer,0.0,Low,1.0,Cat_6,B
459462,Male,Yes,66,Yes,Artist,0.0,High,2.0,Cat_6,B
465727,Male,No,42,No,Marketing,1.0,Low,5.0,Cat_4,D
462348,Female,Yes,73,Yes,Lawyer,1.0,High,2.0,Cat_6,B
460941,Male,Yes,72,No,Engineer,1.0,Low,1.0,Cat_6,A
461629,Male,Yes,53,Yes,Artist,0.0,Low,3.0,Cat_6,B
459907,Female,Yes,39,Yes,Artist,8.0,Average,2.0,Cat_6,C
467146,Female,No,27,No,Homemaker,9.0,Low,1.0,Cat_6,D
460916,Male,Yes,63,No,Entertainment,1.0,Average,,Cat_6,B
459196,Female,No,23,No,Healthcare,1.0,Low,3.0,Cat_4,D
465444,Female,No,30,Yes,Entertainment,0.0,Low,4.0,Cat_6,B
464186,Female,Yes,39,Yes,Artist,5.0,Average,2.0,Cat_6,C
466412,Male,Yes,26,Yes,Artist,1.0,Average,3.0,Cat_6,B
459480,Female,Yes,50,Yes,Entertainment,7.0,Low,3.0,Cat_6,A
467880,Female,Yes,45,Yes,Artist,1.0,Average,2.0,Cat_6,C
460216,Female,No,62,No,Entertainment,2.0,Low,1.0,Cat_6,A
467941,Female,No,27,Yes,Doctor,1.0,Low,3.0,Cat_6,A
466090,Male,Yes,57,Yes,Entertainment,1.0,Low,,Cat_6,A
462572,Female,Yes,30,No,Engineer,1.0,Average,7.0,Cat_4,A
467443,Male,No,32,No,Healthcare,7.0,Low,4.0,Cat_3,A
462548,Male,No,18,,Executive,,Low,5.0,Cat_4,A
459701,Male,No,47,No,Artist,3.0,Low,3.0,Cat_5,B
461139,Female,No,32,Yes,Artist,4.0,Low,4.0,Cat_2,A
461115,Female,Yes,32,No,Engineer,5.0,Low,3.0,Cat_1,A
459027,Male,Yes,67,Yes,Doctor,1.0,Average,4.0,Cat_6,B
467340,Female,Yes,77,Yes,Lawyer,0.0,High,2.0,Cat_6,C
461410,Male,Yes,79,No,,0.0,Average,2.0,,C
460857,Male,No,31,No,Entertainment,1.0,Low,1.0,Cat_4,A
464300,Male,Yes,42,Yes,Artist,0.0,Low,3.0,Cat_4,A
460532,Female,No,18,No,,0.0,Low,6.0,Cat_6,D
463287,Male,Yes,50,Yes,Artist,1.0,Average,4.0,Cat_2,C
461392,Male,Yes,71,Yes,Artist,0.0,Average,5.0,Cat_6,C
461546,Female,Yes,72,No,Lawyer,1.0,Low,3.0,Cat_6,A
467780,Male,Yes,47,Yes,Artist,,Low,3.0,Cat_6,A
462130,Male,Yes,45,Yes,Artist,9.0,Average,2.0,Cat_6,C
464684,Female,No,40,No,Engineer,9.0,Low,5.0,Cat_4,A
462276,Female,No,36,Yes,Engineer,4.0,Low,1.0,Cat_6,A
462142,Female,No,42,Yes,Artist,,Low,1.0,Cat_6,B
462417,Male,No,30,No,Healthcare,4.0,Low,4.0,Cat_6,D
466463,Female,No,29,Yes,Healthcare,2.0,Low,4.0,Cat_4,B
464736,Male,No,28,Yes,Engineer,0.0,Low,5.0,Cat_4,D
467520,Male,,22,No,Healthcare,,Low,2.0,Cat_6,D
459835,Male,Yes,85,No,Lawyer,,Low,1.0,Cat_6,D
463855,Female,Yes,40,Yes,Artist,1.0,Average,2.0,Cat_6,C
460344,Female,Yes,52,Yes,Artist,14.0,Average,2.0,Cat_6,C
466211,Male,Yes,47,Yes,Artist,0.0,Low,,Cat_6,C
460139,Male,No,26,No,Artist,6.0,Low,6.0,Cat_5,D
464126,Female,No,55,Yes,Marketing,3.0,Low,1.0,Cat_6,B
461286,Female,No,20,No,Doctor,4.0,Low,4.0,Cat_6,D
461621,Female,Yes,87,Yes,Lawyer,0.0,High,2.0,Cat_6,C
460163,Male,No,28,No,Healthcare,0.0,Low,2.0,Cat_4,A
461958,Male,No,38,No,Artist,2.0,Low,2.0,Cat_3,A
464875,Male,Yes,42,No,Entertainment,1.0,Low,2.0,Cat_4,B
464791,Male,Yes,42,No,Marketing,0.0,High,6.0,Cat_4,A
464579,Female,No,29,No,Engineer,1.0,Low,4.0,Cat_6,D
463531,Male,No,32,Yes,Doctor,0.0,Low,4.0,Cat_6,A
462651,Male,Yes,38,No,Executive,,High,5.0,Cat_4,D
465486,Female,Yes,59,No,Artist,1.0,High,2.0,Cat_6,C
460882,Male,No,22,No,Healthcare,0.0,Low,2.0,Cat_3,D
467162,Female,No,26,No,Homemaker,9.0,Low,,Cat_4,D
461298,Female,Yes,78,Yes,Artist,1.0,High,2.0,Cat_6,C
461595,Female,No,32,Yes,Healthcare,0.0,Low,3.0,Cat_4,A
459260,Male,Yes,37,Yes,Artist,0.0,Average,4.0,Cat_7,C
462772,Male,Yes,37,Yes,Healthcare,1.0,High,4.0,Cat_6,B
462941,Male,No,67,No,Lawyer,,Low,2.0,Cat_6,D
459143,Male,Yes,47,No,Artist,0.0,High,4.0,Cat_6,B
464532,Female,Yes,68,Yes,Lawyer,0.0,High,2.0,Cat_6,A
460056,Male,No,30,Yes,Healthcare,3.0,Low,5.0,Cat_1,C
466761,Female,Yes,48,Yes,Entertainment,2.0,Low,1.0,Cat_1,A
465469,Female,No,43,Yes,Artist,6.0,Low,1.0,Cat_6,C
461886,Male,Yes,33,Yes,Healthcare,9.0,Low,2.0,Cat_6,D
465680,Male,Yes,31,No,Healthcare,0.0,Average,5.0,Cat_4,D
459316,Male,Yes,32,Yes,Healthcare,1.0,Low,2.0,Cat_6,D
465609,Female,No,21,No,Healthcare,1.0,Low,4.0,Cat_2,D
467009,Female,No,29,No,Homemaker,2.0,Low,4.0,Cat_3,D
461766,Female,Yes,35,Yes,Artist,1.0,Low,2.0,Cat_4,A
464938,Male,Yes,46,No,Artist,0.0,Low,3.0,Cat_4,A
462034,Female,Yes,38,Yes,Artist,9.0,High,2.0,Cat_2,B
464049,Female,No,32,Yes,Healthcare,1.0,Low,3.0,Cat_6,C
467925,Female,No,28,Yes,Artist,3.0,Low,7.0,Cat_2,A
463711,Female,Yes,68,Yes,Lawyer,3.0,Low,1.0,Cat_6,A
463846,Female,Yes,45,Yes,Artist,4.0,Low,1.0,Cat_6,C
462064,Male,Yes,58,Yes,Artist,0.0,Average,3.0,Cat_7,C
463249,Male,No,28,No,Entertainment,1.0,Low,2.0,Cat_7,A
464217,Female,No,32,No,Healthcare,12.0,Low,3.0,Cat_6,A
463378,Male,No,30,Yes,Doctor,1.0,Low,1.0,Cat_3,B
463035,Female,Yes,42,No,Homemaker,3.0,Average,4.0,Cat_6,D
459656,Male,No,22,No,,,Low,6.0,Cat_1,D
463114,Male,No,41,Yes,Artist,,Low,3.0,Cat_6,C
465309,Female,No,18,No,Healthcare,6.0,Low,4.0,Cat_7,D
462688,Female,Yes,29,Yes,Healthcare,8.0,Low,3.0,Cat_3,D
459255,Female,No,33,Yes,Healthcare,0.0,Low,3.0,Cat_6,A
467385,Male,No,47,No,Artist,1.0,Low,,Cat_4,A
467492,Female,Yes,57,Yes,Doctor,1.0,Low,2.0,Cat_7,A
460789,Male,Yes,36,Yes,Executive,1.0,Low,3.0,Cat_6,D
467307,Male,Yes,57,Yes,Executive,1.0,High,3.0,Cat_6,C
464026,Male,No,18,No,Healthcare,1.0,Low,2.0,Cat_6,D
464645,Male,,52,Yes,Artist,1.0,Average,5.0,Cat_4,C
462493,Male,Yes,52,Yes,Artist,1.0,Average,6.0,Cat_6,C
460685,Male,No,51,,Artist,6.0,Low,4.0,Cat_4,B
460452,Female,Yes,37,Yes,Entertainment,0.0,Average,2.0,Cat_1,B
459322,Male,No,36,Yes,Marketing,0.0,Low,1.0,Cat_6,A
464066,Female,No,29,Yes,Healthcare,9.0,Low,3.0,Cat_4,A
461114,Male,Yes,45,Yes,Artist,1.0,Average,4.0,Cat_3,C
465165,Male,No,61,Yes,Artist,0.0,Low,1.0,Cat_6,B
464526,Male,Yes,52,Yes,Entertainment,1.0,Average,4.0,Cat_6,A
460666,Female,Yes,49,Yes,Homemaker,14.0,Low,1.0,Cat_6,A
465417,Male,Yes,40,Yes,Entertainment,,Average,2.0,Cat_4,B
464096,Female,No,31,No,Healthcare,1.0,Low,5.0,Cat_4,C
464891,Male,Yes,42,No,Entertainment,1.0,Low,3.0,Cat_4,A
460107,Male,Yes,51,Yes,Engineer,1.0,Average,5.0,Cat_6,C
467708,Female,No,42,Yes,Healthcare,8.0,Low,1.0,Cat_7,D
461873,Male,No,29,Yes,Doctor,1.0,Low,4.0,Cat_6,C
465181,Female,No,33,Yes,Healthcare,8.0,Low,1.0,Cat_4,A
467204,Male,No,27,Yes,Healthcare,,Low,3.0,Cat_6,D
467320,Female,No,21,No,Healthcare,0.0,Low,4.0,Cat_2,D
459468,Male,Yes,35,No,Artist,9.0,Average,3.0,Cat_6,B
467316,Female,No,42,Yes,Doctor,0.0,Low,1.0,Cat_6,A
466182,Female,No,41,Yes,Artist,2.0,Low,1.0,Cat_6,C
463757,Male,No,39,Yes,Artist,0.0,Low,3.0,Cat_6,B
462314,Female,No,28,No,Doctor,14.0,Low,1.0,Cat_6,A
466392,Female,Yes,45,Yes,Engineer,3.0,Average,,Cat_3,B
466652,Female,Yes,61,Yes,Doctor,1.0,Average,2.0,Cat_6,B
461664,Male,Yes,62,Yes,Artist,0.0,Average,4.0,Cat_6,C
464105,Male,Yes,65,Yes,Entertainment,1.0,Average,2.0,Cat_6,C
466790,Male,Yes,45,Yes,Doctor,1.0,Average,2.0,Cat_3,A
463844,Female,Yes,26,Yes,Engineer,9.0,Low,2.0,Cat_6,B
462913,Female,No,25,Yes,Artist,4.0,Low,5.0,Cat_6,C
465541,Female,Yes,45,Yes,Artist,1.0,Average,4.0,Cat_7,C
459149,Male,Yes,43,No,Executive,0.0,High,4.0,Cat_6,B
464508,Male,Yes,49,Yes,Executive,1.0,High,3.0,Cat_6,C
458999,Male,Yes,55,Yes,Artist,1.0,Average,2.0,Cat_6,C
459947,Female,No,37,Yes,Artist,3.0,Low,1.0,Cat_6,B
465500,Male,Yes,65,Yes,Entertainment,1.0,High,2.0,Cat_6,C
466009,Female,No,32,No,,10.0,Low,5.0,Cat_6,C
466338,Female,No,39,No,Engineer,0.0,Low,3.0,Cat_4,A
465122,Female,Yes,40,Yes,Artist,2.0,Average,2.0,Cat_6,C
465230,Male,Yes,72,Yes,Entertainment,1.0,Average,3.0,Cat_6,C
466369,Female,No,38,No,Homemaker,5.0,Low,1.0,Cat_2,B
463939,Male,No,26,No,Marketing,0.0,Low,5.0,Cat_6,D
460825,Male,No,30,Yes,Doctor,1.0,Low,3.0,Cat_4,D
461125,Male,Yes,51,Yes,Homemaker,1.0,Low,,Cat_4,A
463471,Male,No,57,Yes,Marketing,1.0,Low,4.0,Cat_7,A
467415,Female,No,31,Yes,Healthcare,1.0,Low,1.0,Cat_6,D
465879,Male,No,39,Yes,Artist,0.0,Low,1.0,Cat_6,A
463961,Female,No,30,No,Engineer,0.0,Low,4.0,Cat_4,A
462634,Female,Yes,43,No,Artist,0.0,Average,3.0,Cat_4,A
463622,Male,No,27,Yes,Healthcare,8.0,Low,1.0,Cat_3,C
466624,Female,Yes,46,No,Artist,0.0,Average,4.0,Cat_3,C
467785,Male,Yes,43,No,Artist,1.0,Low,2.0,Cat_6,B
461928,Male,Yes,69,Yes,Lawyer,,Low,1.0,,A
460578,Male,Yes,28,No,Entertainment,8.0,Average,4.0,Cat_7,D
460198,Male,No,43,Yes,Entertainment,9.0,Low,1.0,Cat_6,D
467468,Female,No,27,No,Healthcare,,Low,5.0,Cat_7,D
463581,Female,No,28,Yes,Healthcare,1.0,Low,3.0,Cat_6,D
463968,Male,No,33,No,Artist,,Low,4.0,Cat_6,D
465414,Female,No,30,No,Engineer,0.0,Low,1.0,,B
464574,Male,No,58,No,Healthcare,4.0,Low,2.0,Cat_6,D
462312,Female,No,38,Yes,Engineer,8.0,Low,4.0,Cat_6,A
467971,Female,No,31,Yes,Artist,1.0,Low,4.0,Cat_6,D
464746,Male,Yes,32,No,Executive,4.0,Average,5.0,Cat_4,D
459298,Male,Yes,45,Yes,Artist,4.0,Average,4.0,Cat_6,C
466414,Male,Yes,66,Yes,Artist,1.0,Low,3.0,Cat_6,A
460773,Female,Yes,51,Yes,Artist,1.0,Average,3.0,Cat_6,C
461594,Female,Yes,59,Yes,Artist,,Average,2.0,Cat_6,C
462713,Female,No,40,Yes,Engineer,,Low,1.0,Cat_3,B
465163,Male,Yes,46,Yes,Artist,11.0,Average,5.0,Cat_6,C
462222,Male,No,20,No,Healthcare,1.0,Low,6.0,Cat_4,D
459342,Female,Yes,84,No,Lawyer,1.0,High,2.0,Cat_6,C
463006,Female,No,41,Yes,Marketing,,Low,1.0,Cat_6,D
463029,Male,Yes,51,No,Artist,,Average,3.0,Cat_6,C
460767,Male,Yes,57,Yes,Entertainment,8.0,Average,5.0,Cat_2,A
464319,Female,No,33,No,Doctor,0.0,Low,1.0,Cat_6,A
462828,Male,No,25,No,Marketing,3.0,Low,3.0,Cat_5,D
459873,Male,Yes,55,Yes,Artist,,Average,3.0,Cat_4,A
461608,Female,Yes,56,Yes,Executive,,High,4.0,Cat_1,A
465155,Male,Yes,77,Yes,Lawyer,1.0,Low,1.0,Cat_6,C
461704,Male,Yes,30,Yes,Healthcare,1.0,Low,2.0,Cat_6,A
464826,Male,No,23,No,Healthcare,6.0,Low,5.0,Cat_4,D
462677,Female,No,43,Yes,Artist,2.0,Low,4.0,Cat_6,B
465006,Male,No,39,Yes,Entertainment,5.0,Low,1.0,Cat_6,A
463483,Male,Yes,29,No,Executive,1.0,High,2.0,Cat_6,D
459816,Male,Yes,37,Yes,Doctor,,Low,2.0,Cat_6,D
459002,Female,Yes,45,No,Engineer,2.0,Low,2.0,Cat_6,D
465990,Male,Yes,48,No,Executive,2.0,High,2.0,Cat_2,D
466044,Male,Yes,27,No,Entertainment,0.0,Average,4.0,Cat_6,A
461163,Female,Yes,60,No,Entertainment,9.0,Low,4.0,Cat_3,B
467106,Male,Yes,45,Yes,Entertainment,4.0,Average,3.0,Cat_2,B
467373,Male,No,31,Yes,Healthcare,,Low,1.0,Cat_6,D
461256,Male,No,33,No,Doctor,1.0,Low,4.0,Cat_4,C
466522,Male,,18,No,,6.0,High,4.0,Cat_3,D
459010,Female,Yes,48,Yes,Artist,,Average,3.0,Cat_6,B
466537,Female,Yes,83,No,Lawyer,,Low,2.0,Cat_6,A
459046,Male,Yes,57,Yes,Executive,,Low,4.0,Cat_2,A
459335,Male,No,26,Yes,Healthcare,,Low,3.0,Cat_1,D
462695,Male,Yes,51,Yes,Artist,8.0,Low,5.0,Cat_6,A
466208,Male,Yes,67,No,Executive,2.0,High,1.0,Cat_6,C
462128,Male,Yes,38,Yes,Artist,9.0,Average,2.0,Cat_6,C
467329,Female,No,40,Yes,Doctor,0.0,Low,1.0,Cat_6,C
461609,Female,Yes,45,Yes,Artist,5.0,Average,2.0,Cat_6,B
464470,Male,Yes,48,Yes,Artist,0.0,Average,4.0,Cat_6,C
462705,Female,Yes,69,No,Lawyer,0.0,Average,2.0,Cat_6,C
465255,Male,No,21,No,Healthcare,9.0,Low,5.0,Cat_6,D
462536,Female,Yes,48,No,Engineer,1.0,High,,Cat_6,B
461186,Female,No,18,No,Healthcare,,Low,3.0,Cat_3,D
466018,Male,Yes,72,Yes,Artist,0.0,Low,3.0,Cat_4,C
461385,Male,Yes,85,No,Lawyer,,Low,1.0,Cat_6,D
459115,Female,No,21,No,Marketing,1.0,Low,5.0,Cat_4,D
461263,Female,Yes,48,Yes,Artist,1.0,Low,1.0,Cat_4,A
460027,Female,No,37,Yes,Entertainment,6.0,Low,,Cat_6,A
460366,Male,No,28,No,Healthcare,1.0,Low,5.0,Cat_4,D
464106,Male,Yes,55,Yes,Entertainment,1.0,Low,2.0,Cat_6,A
465696,Female,No,56,Yes,Artist,0.0,Low,2.0,Cat_6,C
461627,Male,Yes,50,Yes,Doctor,1.0,Low,2.0,Cat_6,C
467963,Male,No,21,No,Healthcare,1.0,Low,4.0,Cat_6,D
462437,Male,No,18,No,Healthcare,0.0,Low,6.0,Cat_6,D
467543,Male,Yes,68,Yes,Lawyer,0.0,High,2.0,Cat_6,B
465206,Male,Yes,47,Yes,Artist,13.0,Low,1.0,Cat_6,C
463040,Male,Yes,75,No,Lawyer,1.0,High,2.0,Cat_6,B
461668,Male,Yes,50,Yes,Artist,3.0,Average,4.0,Cat_2,C
461955,Male,No,31,Yes,Healthcare,0.0,Low,4.0,Cat_6,D
467139,Female,No,30,Yes,Artist,0.0,Low,3.0,Cat_6,A
459366,Female,Yes,41,Yes,Artist,0.0,Low,4.0,Cat_6,A
460689,Male,Yes,41,,Executive,6.0,High,2.0,Cat_3,A
462167,Female,Yes,35,No,Healthcare,2.0,Low,1.0,Cat_6,A
466752,Male,Yes,37,Yes,Healthcare,0.0,Low,1.0,Cat_6,D
462778,Male,Yes,60,Yes,Entertainment,0.0,Low,,Cat_6,D
466902,Male,Yes,50,Yes,Doctor,0.0,Average,3.0,Cat_6,C
459534,Male,Yes,36,Yes,Artist,0.0,Average,2.0,Cat_6,C
463399,Female,No,26,No,Marketing,3.0,Low,3.0,Cat_3,A
465538,Male,Yes,62,No,,7.0,High,2.0,Cat_6,D
464878,Male,No,22,No,Healthcare,0.0,Low,4.0,Cat_4,D
467599,Female,No,19,No,Healthcare,0.0,Low,3.0,Cat_6,D
466226,Female,Yes,45,Yes,Artist,0.0,Average,5.0,Cat_6,C
463576,Female,No,31,No,Doctor,0.0,Low,4.0,Cat_6,D
464911,Male,Yes,56,Yes,Artist,0.0,Average,3.0,Cat_4,C
466457,Female,Yes,62,,Lawyer,8.0,Low,5.0,Cat_6,A
463909,Female,No,25,Yes,Healthcare,1.0,Low,3.0,Cat_6,B
466099,Female,Yes,73,Yes,Lawyer,1.0,Low,1.0,Cat_6,B
464427,Male,Yes,62,Yes,Doctor,1.0,Average,4.0,Cat_3,C
463951,Male,Yes,46,No,Entertainment,0.0,Average,3.0,Cat_6,A
465638,Female,Yes,51,Yes,Artist,,Low,,Cat_3,C
465289,Male,Yes,25,Yes,Executive,1.0,High,2.0,Cat_6,A
466718,Male,Yes,66,,Executive,0.0,High,2.0,Cat_6,B
464219,Male,No,27,Yes,Marketing,1.0,Low,2.0,Cat_3,A
467098,Male,Yes,87,No,Executive,1.0,Low,2.0,Cat_6,A
467451,Female,Yes,47,Yes,Artist,0.0,Low,1.0,Cat_1,A
465137,Male,Yes,57,Yes,Artist,1.0,Average,4.0,Cat_6,C
462289,Male,Yes,60,Yes,Artist,0.0,Average,4.0,Cat_3,A
467459,Male,Yes,40,Yes,Executive,,High,5.0,Cat_6,B
460308,Female,No,32,Yes,Doctor,7.0,Low,,Cat_2,A
467647,Male,No,28,Yes,Healthcare,2.0,Low,3.0,Cat_6,D
459803,Male,No,39,Yes,Doctor,4.0,Low,3.0,Cat_6,C
465972,Female,No,47,Yes,Marketing,9.0,Low,1.0,Cat_6,D
459414,Female,No,39,Yes,,8.0,Low,,Cat_6,C
466173,Male,No,28,No,Entertainment,1.0,Low,,Cat_3,A
464136,Male,Yes,69,Yes,Artist,0.0,Average,3.0,Cat_6,A
459286,Female,No,42,Yes,Artist,0.0,Low,1.0,Cat_6,D
463580,Female,Yes,46,Yes,Engineer,1.0,Low,1.0,Cat_6,D
466636,Female,No,23,No,Marketing,3.0,Low,3.0,Cat_6,C
461064,Male,No,45,Yes,Artist,1.0,Low,5.0,Cat_6,C
461597,Female,Yes,38,Yes,Doctor,1.0,Average,4.0,Cat_6,B
458990,Female,Yes,71,No,Lawyer,1.0,High,3.0,Cat_6,D
461351,Female,No,26,No,Doctor,0.0,Low,2.0,Cat_6,D
464420,Female,Yes,60,Yes,Artist,8.0,High,2.0,Cat_6,C
462060,Female,Yes,46,Yes,Artist,1.0,Average,2.0,Cat_6,C
465707,Male,Yes,39,Yes,Entertainment,1.0,Average,4.0,Cat_3,C
463733,Female,No,18,No,Healthcare,1.0,Low,3.0,Cat_6,D
463960,Male,Yes,26,Yes,Doctor,1.0,Average,2.0,Cat_7,A
462395,Male,Yes,53,Yes,Artist,1.0,High,2.0,Cat_6,D
461015,Male,Yes,40,Yes,Entertainment,1.0,Average,2.0,Cat_3,C
464965,Male,Yes,76,No,Executive,,Low,7.0,Cat_4,D
466267,Male,Yes,26,Yes,Entertainment,0.0,Average,3.0,Cat_3,A
464056,Female,Yes,65,Yes,Artist,0.0,Average,2.0,Cat_6,C
465898,Female,No,37,Yes,Artist,12.0,Low,2.0,Cat_6,A
465361,Male,No,25,No,Healthcare,0.0,Low,4.0,Cat_3,C
461394,Female,No,21,No,Engineer,0.0,Low,5.0,Cat_2,D
466269,Female,No,25,No,Healthcare,0.0,Low,4.0,Cat_2,D
466213,Male,No,23,No,Healthcare,4.0,Low,5.0,Cat_6,D
465550,Female,No,30,Yes,Healthcare,1.0,Low,6.0,Cat_3,D
463451,Female,No,30,No,Doctor,0.0,Low,4.0,Cat_6,D
463877,Male,Yes,42,No,Entertainment,0.0,Average,4.0,Cat_4,A
459499,Female,Yes,81,No,Lawyer,,High,2.0,Cat_6,D
463876,Male,Yes,49,Yes,Entertainment,1.0,Average,5.0,Cat_6,C
465448,Male,No,32,No,Healthcare,0.0,Low,3.0,Cat_2,A
463041,Female,Yes,43,Yes,Artist,,Average,4.0,Cat_2,B
459325,Male,Yes,26,No,Executive,9.0,High,4.0,Cat_6,D
467233,Female,No,67,No,Artist,1.0,Low,2.0,Cat_6,B
465264,Male,Yes,88,No,Executive,0.0,Low,1.0,Cat_6,A
461811,Female,No,40,Yes,Healthcare,8.0,Low,4.0,Cat_2,D
466370,Female,,48,Yes,Artist,0.0,Low,4.0,Cat_2,C
465368,Male,No,18,No,Healthcare,7.0,Low,3.0,Cat_1,D
461245,Male,Yes,39,Yes,,5.0,Average,3.0,Cat_6,A
467693,Male,Yes,61,Yes,Entertainment,7.0,High,5.0,Cat_6,B
467879,Female,Yes,51,Yes,Artist,,High,4.0,Cat_6,C
461499,Female,Yes,25,No,Engineer,0.0,Average,2.0,Cat_4,A
465936,Male,No,35,Yes,Artist,6.0,Low,3.0,Cat_6,B
459748,Male,Yes,46,No,Executive,0.0,High,2.0,Cat_6,C
466376,Female,Yes,53,No,Homemaker,2.0,High,3.0,Cat_6,B
460215,Male,Yes,48,Yes,Entertainment,9.0,Low,1.0,Cat_6,D
462076,Male,Yes,75,Yes,Lawyer,1.0,Low,2.0,Cat_6,D
465756,Male,No,23,No,Healthcare,1.0,Low,3.0,Cat_4,D
463573,Male,No,29,No,Doctor,1.0,Low,2.0,Cat_6,D
463455,Male,Yes,46,No,Artist,0.0,Low,2.0,Cat_6,B
460841,Female,No,61,Yes,Marketing,1.0,Low,1.0,Cat_6,D
463959,Female,No,37,No,Artist,1.0,Low,1.0,Cat_6,B
461792,Female,No,23,No,Healthcare,6.0,Low,5.0,Cat_2,D
459118,Male,No,21,No,Healthcare,,Low,8.0,Cat_6,D
462791,Female,No,33,No,Healthcare,7.0,Low,4.0,Cat_5,D
460852,Male,Yes,74,No,Executive,0.0,Low,,,D
463102,Male,No,41,No,Entertainment,0.0,Low,2.0,Cat_6,D
463302,Female,Yes,58,Yes,Engineer,,High,4.0,Cat_6,B
462659,Male,Yes,25,Yes,Entertainment,8.0,Average,2.0,Cat_6,A
463408,Male,No,33,No,Marketing,2.0,Low,3.0,Cat_6,D
462071,Male,Yes,43,No,Doctor,0.0,Low,2.0,Cat_6,A
464806,Male,Yes,25,No,Executive,1.0,Low,2.0,Cat_4,D
463664,Female,No,26,No,Engineer,0.0,Low,1.0,Cat_6,A
467795,Male,No,22,No,Healthcare,1.0,Low,5.0,Cat_6,D
459141,Male,Yes,28,No,Artist,0.0,Average,2.0,Cat_6,D
465900,Female,No,36,Yes,Entertainment,7.0,Low,1.0,Cat_6,A
467265,Female,No,28,No,Healthcare,1.0,Low,3.0,Cat_4,C
464490,Male,Yes,85,Yes,Artist,1.0,High,4.0,Cat_6,A
461920,Male,No,30,Yes,Entertainment,0.0,Low,,Cat_6,D
460411,Male,Yes,43,Yes,Healthcare,7.0,High,2.0,Cat_6,A
466491,Male,Yes,82,No,Executive,1.0,High,2.0,Cat_6,B
459062,Male,,48,Yes,Executive,,High,5.0,Cat_6,B
465248,Female,No,18,No,Healthcare,3.0,Low,3.0,Cat_2,D
463308,Male,Yes,53,Yes,Engineer,1.0,Low,2.0,Cat_3,A
463478,Male,Yes,50,Yes,Artist,0.0,Average,4.0,Cat_6,B
465396,Female,Yes,39,No,Engineer,9.0,Average,6.0,Cat_4,D
461954,Female,Yes,35,No,Engineer,2.0,Average,6.0,Cat_2,B
467287,Male,No,28,Yes,Entertainment,,Low,3.0,Cat_4,D
463800,Female,No,33,Yes,Engineer,1.0,Low,3.0,Cat_6,A
459894,Female,Yes,35,Yes,Healthcare,1.0,Low,3.0,Cat_6,C
459778,Male,Yes,48,Yes,Entertainment,0.0,Average,4.0,Cat_6,B
464662,Female,Yes,50,Yes,Artist,1.0,High,3.0,Cat_4,C
460878,Male,Yes,47,No,Entertainment,0.0,Average,4.0,Cat_6,C
462187,Female,No,50,Yes,Artist,4.0,Low,1.0,Cat_6,C
462675,Male,Yes,56,Yes,Artist,,Low,4.0,Cat_3,A
461908,Female,No,26,No,Healthcare,10.0,Low,1.0,Cat_6,D
461951,Male,No,21,No,Healthcare,0.0,Low,4.0,Cat_6,D
465352,Male,Yes,61,Yes,Entertainment,1.0,Average,4.0,Cat_6,C
464258,Female,Yes,88,No,Lawyer,0.0,High,2.0,Cat_6,B
464215,Male,No,72,No,Marketing,1.0,Low,2.0,Cat_6,D
467561,Male,Yes,61,Yes,Artist,1.0,Low,2.0,Cat_6,B
460322,Female,Yes,45,No,Engineer,8.0,Low,,Cat_6,A
464665,Female,Yes,51,No,Engineer,1.0,Average,5.0,Cat_4,B
460670,Male,No,42,Yes,Artist,6.0,Low,2.0,Cat_3,B
461486,Male,Yes,59,No,Entertainment,8.0,Average,3.0,Cat_6,C
459526,Female,No,45,Yes,Healthcare,4.0,Low,1.0,Cat_6,A
465429,Female,Yes,68,Yes,Artist,,Average,3.0,Cat_6,C
466492,Female,Yes,85,Yes,Lawyer,0.0,High,2.0,Cat_6,A
459489,Male,Yes,46,Yes,Doctor,1.0,Average,4.0,Cat_6,B
459681,Female,Yes,32,Yes,Artist,0.0,Average,2.0,Cat_6,B
462971,Female,Yes,70,Yes,Engineer,0.0,Low,1.0,Cat_6,C
461233,Male,Yes,37,Yes,Entertainment,,Low,,Cat_3,D
461221,Female,No,30,No,Marketing,1.0,Low,4.0,Cat_6,B
464090,Female,No,33,Yes,Engineer,1.0,Low,2.0,Cat_6,A
459863,Male,Yes,61,No,Healthcare,,Low,3.0,Cat_6,A
459822,Female,No,37,Yes,Engineer,0.0,Low,1.0,Cat_4,D
462540,Male,Yes,32,Yes,Entertainment,6.0,Low,2.0,Cat_2,B
467411,Male,Yes,52,Yes,Artist,0.0,High,2.0,Cat_6,B
463997,Female,Yes,42,No,Entertainment,0.0,Average,3.0,Cat_6,B
464103,Male,Yes,47,Yes,Artist,3.0,Average,2.0,Cat_6,B
465751,Female,Yes,52,Yes,Artist,9.0,Low,2.0,Cat_6,C
459797,Male,Yes,66,Yes,Entertainment,0.0,Average,3.0,Cat_6,C
460798,Female,No,28,No,Engineer,,Low,6.0,Cat_6,C
464572,Female,Yes,47,Yes,Marketing,1.0,Low,1.0,Cat_6,D
462352,Male,Yes,52,Yes,Entertainment,1.0,Average,3.0,Cat_6,B
460513,Male,No,27,No,Healthcare,2.0,Low,4.0,Cat_3,D
463228,Female,Yes,56,Yes,Artist,0.0,Average,5.0,Cat_6,B
464765,Female,Yes,53,No,Engineer,7.0,Average,6.0,Cat_4,A
463720,Female,Yes,45,Yes,Artist,1.0,Average,4.0,Cat_4,B
460799,Female,No,37,No,Homemaker,1.0,Low,1.0,Cat_1,D
460891,Female,Yes,36,No,Artist,2.0,Average,4.0,Cat_3,C
460311,Male,No,25,Yes,Entertainment,2.0,Low,3.0,Cat_1,D
466727,Female,Yes,45,Yes,Artist,1.0,Average,2.0,Cat_6,B
466157,Male,Yes,72,Yes,Homemaker,9.0,Low,,,A
465138,Male,No,35,Yes,Entertainment,1.0,Low,3.0,Cat_3,A
466361,Female,Yes,72,Yes,Lawyer,1.0,High,2.0,Cat_6,B
463154,Female,Yes,31,No,Artist,1.0,Low,4.0,Cat_6,D
462967,Male,Yes,47,No,Entertainment,4.0,Average,3.0,Cat_6,B
460908,Male,No,20,No,Healthcare,7.0,Low,3.0,Cat_6,D
467560,Female,Yes,73,Yes,Lawyer,1.0,Low,2.0,Cat_6,B
463404,Male,Yes,29,No,Doctor,,High,2.0,Cat_3,B
463281,Male,Yes,25,No,Entertainment,3.0,Average,2.0,Cat_3,D
462466,Male,Yes,52,Yes,Executive,0.0,High,4.0,Cat_6,C
463744,Female,No,27,Yes,Artist,1.0,Low,6.0,Cat_6,C
464209,Male,Yes,52,Yes,Executive,1.0,Average,4.0,Cat_2,C
462528,Female,Yes,49,Yes,Artist,0.0,Low,1.0,Cat_6,C
459518,Male,Yes,60,,,,Average,4.0,Cat_6,B
460061,Male,No,45,Yes,Marketing,0.0,Low,1.0,Cat_3,D
466188,Male,Yes,59,Yes,Artist,4.0,Low,1.0,Cat_4,B
467914,Female,No,18,No,Healthcare,8.0,Low,5.0,Cat_6,D
462758,Male,No,18,No,Healthcare,0.0,Low,3.0,Cat_6,D
465704,Male,Yes,55,No,Artist,1.0,Low,1.0,Cat_6,C
460397,Female,No,59,Yes,Entertainment,1.0,Low,1.0,Cat_6,A
466676,Male,No,22,No,Healthcare,0.0,Low,2.0,Cat_6,D
465024,Male,Yes,52,Yes,Executive,0.0,High,4.0,Cat_6,C
461630,Male,Yes,51,Yes,Artist,1.0,Average,3.0,Cat_6,C
465328,Male,Yes,35,No,Executive,0.0,High,5.0,Cat_6,A
461220,Female,No,26,No,Executive,8.0,Low,3.0,Cat_6,D
463935,Male,Yes,38,Yes,Entertainment,1.0,Average,2.0,Cat_6,C
460514,Male,Yes,43,Yes,Doctor,1.0,Low,4.0,Cat_3,A
466262,Male,No,41,Yes,Entertainment,1.0,Low,2.0,Cat_3,A
467094,Female,No,27,No,Homemaker,8.0,Low,,Cat_4,D
459280,Male,Yes,60,Yes,,0.0,Low,1.0,Cat_6,B
464581,Female,No,25,No,Doctor,,Low,4.0,Cat_6,D
459624,Male,No,18,No,Healthcare,,Low,5.0,Cat_4,D
460890,Male,Yes,47,Yes,Artist,0.0,Average,4.0,Cat_3,C
466415,Male,Yes,71,No,Marketing,1.0,Low,1.0,Cat_6,D
462392,Female,No,32,Yes,Entertainment,1.0,Low,3.0,Cat_6,A
459706,Male,Yes,60,Yes,Entertainment,1.0,Average,3.0,Cat_6,C
464429,Female,No,33,Yes,Healthcare,0.0,Low,,Cat_6,B
467446,Female,No,37,Yes,Artist,9.0,Low,1.0,Cat_2,A
460528,Male,Yes,48,Yes,Homemaker,9.0,Low,1.0,Cat_3,C
464836,Female,,33,No,Engineer,7.0,High,5.0,Cat_4,D
459212,Female,Yes,68,Yes,Artist,1.0,Average,2.0,Cat_6,C
462364,Male,Yes,51,No,Artist,0.0,Low,3.0,Cat_6,A
464549,Male,Yes,52,Yes,Executive,1.0,Low,4.0,Cat_6,C
464555,Male,Yes,31,Yes,Marketing,13.0,High,4.0,Cat_4,D
462027,Male,No,39,No,Engineer,1.0,Low,1.0,Cat_6,A
467110,Male,,60,Yes,Lawyer,1.0,High,1.0,Cat_6,D
467123,Female,Yes,50,Yes,Executive,4.0,High,3.0,Cat_6,B
459599,Female,No,19,No,Healthcare,,Low,4.0,Cat_1,D
467826,Male,No,18,No,Healthcare,0.0,Low,6.0,Cat_6,D
461837,Male,Yes,37,Yes,Artist,0.0,Low,2.0,Cat_6,C
467328,Female,Yes,50,Yes,Doctor,1.0,Average,3.0,Cat_6,B
467962,Female,No,20,No,Healthcare,0.0,Low,,Cat_6,D
464025,Male,No,19,No,Healthcare,1.0,Low,6.0,Cat_6,D
460385,Male,No,31,Yes,Healthcare,0.0,Low,4.0,Cat_6,D
462551,Male,Yes,53,Yes,Doctor,14.0,Average,2.0,Cat_6,B
462047,Female,Yes,26,Yes,Artist,12.0,Average,2.0,Cat_6,B
459958,Male,No,37,Yes,Healthcare,8.0,Low,3.0,Cat_6,D
465690,Female,Yes,49,No,Healthcare,,Average,2.0,Cat_4,B
459221,Male,Yes,70,No,Entertainment,,Low,1.0,Cat_6,B
461059,Female,Yes,48,No,Lawyer,1.0,High,2.0,Cat_6,D
461227,Male,No,21,No,Healthcare,0.0,Low,4.0,Cat_6,D
466246,Male,No,19,No,Healthcare,0.0,Low,4.0,Cat_2,D
462619,Male,,61,No,,0.0,High,,Cat_4,A
459561,Male,No,31,No,Healthcare,,Low,3.0,Cat_4,A
467048,Female,Yes,65,Yes,Lawyer,0.0,High,3.0,Cat_6,B
467362,Male,Yes,73,No,Executive,1.0,Low,1.0,Cat_6,B
459846,Female,Yes,50,Yes,Artist,1.0,Average,3.0,Cat_6,B
460351,Male,Yes,70,Yes,Lawyer,0.0,Low,1.0,Cat_6,A
459515,Male,Yes,58,Yes,Engineer,0.0,Low,1.0,Cat_6,D
460499,Female,,58,No,Marketing,14.0,High,6.0,Cat_3,D
460829,Male,No,18,Yes,Healthcare,1.0,Low,2.0,Cat_6,D
466559,Male,No,32,No,Healthcare,0.0,Low,4.0,Cat_6,D
467236,Female,No,40,Yes,Lawyer,4.0,Low,1.0,Cat_6,B
461816,Female,No,49,Yes,Marketing,0.0,Low,5.0,Cat_6,A
467409,Male,No,35,Yes,Artist,8.0,Low,1.0,Cat_6,A
466299,Female,Yes,40,Yes,Engineer,0.0,Low,2.0,Cat_2,B
464565,Male,No,30,Yes,Marketing,12.0,Low,4.0,Cat_6,D
465906,Female,No,35,Yes,Artist,5.0,Low,1.0,Cat_6,A
460950,Male,Yes,28,No,Doctor,0.0,Low,5.0,Cat_1,D
466654,Male,No,30,,Marketing,8.0,Low,1.0,Cat_6,A
459649,Male,Yes,39,Yes,Healthcare,1.0,Average,2.0,Cat_6,D
461077,Male,No,39,Yes,Entertainment,1.0,Low,8.0,Cat_3,A
464642,Female,Yes,26,Yes,Engineer,6.0,High,7.0,Cat_4,D
463741,Male,Yes,36,Yes,Artist,0.0,High,3.0,Cat_6,C
460594,Female,No,26,Yes,Homemaker,9.0,Low,,Cat_3,D
465253,Male,No,21,No,Healthcare,1.0,Low,3.0,Cat_7,D
459936,Female,No,45,Yes,Artist,2.0,Low,1.0,Cat_6,B
462998,Male,Yes,45,No,Entertainment,10.0,Average,4.0,Cat_6,B
464179,Female,Yes,63,Yes,Artist,0.0,Average,3.0,Cat_6,C
465655,Female,No,45,Yes,Artist,1.0,Low,1.0,Cat_6,A
462988,Female,Yes,27,Yes,Healthcare,9.0,High,2.0,Cat_6,D
463933,Male,Yes,47,No,Executive,0.0,Low,7.0,Cat_4,A
462111,Male,Yes,36,Yes,Artist,6.0,Average,4.0,Cat_6,C
462435,Male,Yes,49,Yes,Artist,,Average,2.0,Cat_6,C
462747,Male,No,25,No,Doctor,7.0,Low,4.0,Cat_6,C
462279,Male,No,32,No,Healthcare,0.0,Low,7.0,Cat_6,D
463383,Male,Yes,41,No,Executive,6.0,High,3.0,Cat_4,A
459743,Female,Yes,50,Yes,Artist,9.0,Average,4.0,Cat_6,A
461762,Female,Yes,63,Yes,Artist,0.0,High,2.0,Cat_6,C
463071,Male,Yes,69,No,Executive,,Low,4.0,Cat_6,D
464121,Female,Yes,62,Yes,Engineer,1.0,Low,1.0,Cat_6,B
465051,Male,Yes,63,Yes,Marketing,1.0,High,3.0,Cat_6,C
460140,Female,Yes,36,Yes,Artist,5.0,Low,2.0,Cat_6,B
466197,Female,Yes,31,No,Engineer,8.0,Low,2.0,Cat_4,C
460433,Female,No,45,No,Entertainment,8.0,Low,2.0,Cat_6,A
462953,Female,Yes,45,Yes,Artist,1.0,Average,4.0,Cat_6,B
462535,Male,No,26,No,Doctor,1.0,Low,3.0,Cat_6,D
462921,Male,Yes,49,No,Artist,,Average,4.0,Cat_6,C
464735,Female,No,38,Yes,Marketing,8.0,Low,3.0,Cat_4,D
464455,Female,Yes,74,Yes,Lawyer,1.0,High,2.0,Cat_6,B
461675,Male,No,61,Yes,Lawyer,1.0,Low,1.0,Cat_6,C
464578,Female,No,26,Yes,Healthcare,0.0,Low,,Cat_6,D
466304,Female,Yes,70,Yes,Lawyer,1.0,High,2.0,Cat_2,B
466850,Female,No,30,No,Doctor,,Low,3.0,Cat_4,D
467041,Female,Yes,57,Yes,Artist,1.0,Average,4.0,Cat_6,C
464775,Female,Yes,35,,,8.0,Average,4.0,Cat_4,A
464858,Male,No,20,No,Healthcare,1.0,Low,3.0,Cat_4,D
462040,Male,No,19,No,Healthcare,5.0,Low,4.0,Cat_2,D
460800,Male,No,52,Yes,Artist,1.0,Low,3.0,Cat_3,B
459663,Male,No,31,Yes,Artist,,Low,6.0,Cat_3,A
462081,Male,No,22,No,Marketing,0.0,Low,3.0,Cat_4,D
463047,Male,Yes,27,Yes,Homemaker,9.0,Low,,Cat_6,D
464500,Female,,39,Yes,Artist,1.0,Low,3.0,Cat_6,B
460756,Female,No,28,No,Homemaker,8.0,Low,,Cat_6,D
462835,Male,Yes,59,No,Engineer,,Average,4.0,Cat_6,B
463766,Female,Yes,57,Yes,Artist,1.0,Average,3.0,,C
463874,Male,No,25,Yes,Healthcare,1.0,Low,4.0,Cat_3,D
463525,Female,Yes,40,No,Engineer,0.0,Low,3.0,Cat_6,A
465653,Female,Yes,53,Yes,Artist,1.0,Low,2.0,Cat_6,A
465905,Female,No,32,Yes,Artist,9.0,Low,1.0,Cat_6,A
465663,Female,No,70,Yes,Artist,0.0,Low,2.0,Cat_6,B
465225,Male,No,48,Yes,Engineer,0.0,Low,1.0,Cat_2,A
465001,Male,Yes,75,Yes,Lawyer,1.0,High,2.0,Cat_6,C
466905,Male,Yes,62,Yes,Artist,0.0,Low,1.0,Cat_6,B
465573,Male,Yes,41,No,Artist,1.0,Average,6.0,Cat_6,B
467008,Male,Yes,55,Yes,Artist,0.0,Average,3.0,Cat_6,C
466995,Female,No,35,Yes,Artist,8.0,Low,,Cat_6,A
463397,Female,No,20,No,Healthcare,4.0,Low,3.0,Cat_4,D
466238,Male,No,20,No,Healthcare,0.0,Low,3.0,Cat_4,D
460531,Female,No,35,No,,0.0,Low,5.0,Cat_6,C
462250,Female,Yes,56,Yes,Entertainment,1.0,Average,3.0,Cat_4,B
462611,Male,Yes,39,No,Executive,1.0,High,7.0,Cat_4,D
459098,Male,Yes,42,Yes,Entertainment,,Low,3.0,Cat_6,D
465701,Male,Yes,35,Yes,Artist,1.0,Average,2.0,Cat_4,B
466242,Female,No,35,No,Engineer,1.0,Low,1.0,Cat_4,A
466308,Male,No,33,Yes,Healthcare,0.0,Low,2.0,Cat_6,C
464039,Male,No,42,Yes,Artist,1.0,Low,2.0,Cat_6,A
459972,Male,No,35,Yes,Artist,5.0,Low,2.0,Cat_6,A
461801,Female,No,27,No,Healthcare,0.0,Low,3.0,Cat_6,A
462716,Male,No,33,No,Entertainment,6.0,Low,2.0,Cat_4,D
467218,Female,No,32,Yes,Artist,9.0,Low,1.0,Cat_6,D
460387,Female,No,35,No,Entertainment,4.0,Low,2.0,Cat_6,D
466441,Male,No,22,No,Healthcare,0.0,Low,9.0,Cat_6,D
462057,Male,Yes,40,Yes,Artist,3.0,Average,4.0,Cat_3,C
466991,Male,Yes,51,Yes,Artist,3.0,Average,2.0,Cat_6,C
459453,Male,Yes,88,Yes,Lawyer,,Low,,Cat_6,B
461714,Male,Yes,82,Yes,Lawyer,1.0,High,2.0,Cat_6,A
463465,Male,Yes,43,Yes,Artist,6.0,Average,3.0,Cat_6,B
467940,Female,No,29,No,Marketing,9.0,Low,4.0,Cat_2,A
461970,Female,No,38,Yes,Artist,9.0,Low,1.0,Cat_6,B
459877,Male,Yes,37,Yes,Artist,0.0,Average,3.0,Cat_6,C
460784,Male,No,32,Yes,Healthcare,0.0,Low,6.0,Cat_7,D
460137,Male,No,26,Yes,Entertainment,5.0,Low,4.0,Cat_6,D
465201,Male,Yes,39,Yes,Entertainment,0.0,Average,4.0,Cat_3,A
465371,Female,No,43,Yes,Artist,0.0,Low,1.0,Cat_6,A
463929,Male,Yes,51,Yes,Doctor,11.0,Average,2.0,Cat_6,C
461998,Male,Yes,52,Yes,Artist,0.0,Average,2.0,Cat_6,C
460828,Male,No,51,No,Entertainment,1.0,Low,1.0,Cat_6,A
467523,Male,No,20,No,Healthcare,,Low,4.0,Cat_4,D
461673,Male,No,33,No,Healthcare,0.0,Low,5.0,Cat_5,C
459788,Female,No,36,Yes,Entertainment,,Low,1.0,Cat_3,A
462645,Female,Yes,39,No,Engineer,,Average,6.0,Cat_4,D
462666,Male,Yes,48,Yes,Artist,0.0,Low,2.0,Cat_6,C
462587,Female,Yes,78,No,Lawyer,1.0,High,2.0,Cat_4,B
459583,Male,Yes,46,Yes,Artist,1.0,Low,1.0,Cat_6,A
467361,Female,Yes,26,No,Homemaker,,Low,4.0,Cat_6,D
459493,Male,No,26,No,Healthcare,0.0,Low,7.0,Cat_6,A
464583,Female,No,37,Yes,Engineer,7.0,Low,,Cat_6,A
462726,Female,Yes,75,Yes,Homemaker,1.0,High,,Cat_6,B
466919,Male,No,19,No,Doctor,,Low,5.0,Cat_3,D
467949,Male,No,22,No,Healthcare,1.0,Low,4.0,Cat_4,D
462406,Male,Yes,27,No,Engineer,6.0,Low,3.0,Cat_6,D
460434,Male,,57,Yes,Artist,3.0,High,3.0,Cat_6,D
463729,Female,No,32,No,Artist,,Low,5.0,Cat_1,B
466827,Male,Yes,37,No,Entertainment,0.0,Average,4.0,Cat_3,D
463641,Female,No,33,Yes,Marketing,1.0,Low,3.0,Cat_5,B
467294,Female,Yes,57,No,Engineer,0.0,Low,1.0,Cat_6,B
460875,Male,No,35,Yes,Entertainment,0.0,Low,3.0,Cat_3,A
459183,Female,No,26,Yes,Artist,1.0,Low,3.0,Cat_2,A
464541,Male,No,31,Yes,Doctor,1.0,Low,2.0,Cat_6,A
461249,Female,No,53,Yes,Artist,1.0,Low,,Cat_7,D
462959,Female,Yes,56,Yes,Engineer,2.0,High,2.0,Cat_6,B
459922,Male,Yes,65,Yes,Lawyer,0.0,Low,1.0,Cat_4,D
467935,Male,No,23,No,Healthcare,7.0,Low,3.0,Cat_6,D
461382,Male,Yes,68,No,Executive,1.0,High,2.0,Cat_6,B
462521,Female,No,32,No,Homemaker,9.0,Low,1.0,Cat_6,D
463296,Female,No,21,No,Healthcare,0.0,Low,5.0,Cat_6,D
467003,Female,Yes,61,Yes,Artist,,Low,2.0,Cat_6,C
459705,Male,Yes,25,Yes,Entertainment,1.0,Average,2.0,Cat_6,A
459984,Female,Yes,36,Yes,Entertainment,0.0,Average,3.0,Cat_6,B
466051,Male,No,25,No,Executive,3.0,Low,1.0,Cat_4,A
463583,Male,Yes,58,Yes,Artist,9.0,Average,4.0,Cat_6,C
466100,Male,Yes,66,Yes,Executive,1.0,Low,2.0,Cat_6,A
461427,Female,No,42,Yes,Artist,1.0,Low,2.0,Cat_6,A
464193,Female,Yes,36,Yes,Doctor,13.0,Low,2.0,Cat_6,B
467835,Male,Yes,58,No,Artist,9.0,Low,2.0,Cat_6,B
463000,Female,No,36,No,Engineer,0.0,Low,1.0,Cat_6,A
462457,Male,No,28,No,Healthcare,2.0,Low,4.0,Cat_6,C
460426,Male,Yes,45,No,Artist,4.0,Average,2.0,Cat_6,C
466024,Female,Yes,35,No,Entertainment,10.0,Low,2.0,Cat_3,A
467031,Male,Yes,59,Yes,Artist,11.0,Average,3.0,Cat_6,C